﻿<?xml version="1.0" encoding="utf-8"?>
<Atlas>
	<Texture filename="fwd_in_pdt_ad_background.tex" />
	<Elements>
		<Element name="background.tex" u1="0.3789296875" u2="0.99851171875" v2="0.999" v1="0.0742421875" variant="" />
		<Element name="button.tex" u1="0.001" u2="0.0644296875" v2="0.87009375" v1="0.807640625" variant="" />
		<Element name="button_go.tex" u1="0.001" u2="0.0644296875" v2="0.805640625" v1="0.7431875" variant="" />
		<Element name="button_qq.tex" u1="0.001" u2="0.0644296875" v2="0.999" v1="0.936546875" variant="" />
		<Element name="button_tiktok.tex" u1="0.001" u2="0.0644296875" v2="0.934546875" v1="0.87209375" variant="" />
		<Element name="qq_group.tex" u1="0.0664296875" u2="0.2206796875" v2="0.999" v1="0.61428125" variant="" />
		<Element name="tiktok.tex" u1="0.2226796875" u2="0.3769296875" v2="0.999" v1="0.534203125" variant="" />
	</Elements>
</Atlas>